name,mean_abs_dB0,max_abs_dB0,mean_rel_dB0,dB0_r2,dB0_pears,dB0_std,mean_abs_B1,max_abs_B1,mean_rel_B1,B1_r2,B1_pears,B1_std,mean_abs_T1,max_abs_T1,mean_rel_T1,T1_r2,T1_pears,T1_std,mean_abs_T2,max_abs_T2,mean_rel_T2,T2_r2,T2_pears,T2_std,loss mean,loss std
batchsize1_sweep12_30epochs,0.004283993039280176,1.835275411605835,24.861053466796875,0.997864277395502,0.9989320218617325,0.02169124223291874,0.00887521356344223,3.626694440841675,0.31443989276885986,0.9998576146093656,0.9999292357910031,0.01863853947725147,30.3807315826416,2948.866943359375,1.7167905569076538,0.9976767969617798,0.9988399260490844,61.29694730043411,0.0,0.0,0.0,0.0,0.0,0.0,-14.17951774597168,nan
batchsize2_sweep12_30epochs,0.004435946233570576,1.751571536064148,26.661365509033203,0.9972400200069745,0.9986197529520942,0.024740174412727356,0.009050522930920124,2.7199175357818604,0.32389211654663086,0.9998039969951334,0.999902077938386,0.022466243826784194,31.950902938842773,2811.09375,1.782333493232727,0.9975459967443521,0.9987822018521714,62.63348460197449,0.0,0.0,0.0,0.0,0.0,0.0,-14.166409492492676,nan
batchsize3_sweep12_30epochs,0.004337448626756668,1.7129933834075928,26.395740509033203,0.9981492619499236,0.9990767832493832,0.020120058208703995,0.00940782856196165,5.666445732116699,0.33559650182724,0.9997397612760011,0.9998707633533728,0.02627540146932006,30.68424415588379,3000.04443359375,1.7055879831314087,0.9976182808342701,0.9988120895090175,62.102075666189194,0.0,0.0,0.0,0.0,0.0,0.0,-14.11371898651123,nan
batchsize4_sweep12_30epochs,0.0040063271299004555,1.7167664766311646,22.836132049560547,0.9985700210734568,0.9992849632167633,0.017642807215452194,0.008718283846974373,3.388406991958618,0.31105199456214905,0.9998185379288393,0.9999093961063255,0.021612822893075645,30.423095703125,3025.831787109375,1.704350471496582,0.997552776223781,0.9987762739533937,63.281841576099396,0.0,0.0,0.0,0.0,0.0,0.0,-14.305886268615723,nan
batchsize5_sweep12_30epochs,0.004057340323925018,1.8279693126678467,24.787559509277344,0.9981418979842575,0.999071549442967,0.020220134407281876,0.008689790032804012,2.2395079135894775,0.3141630291938782,0.9998427172642541,0.999921562775567,0.019880655454471707,30.23931884765625,3893.937255859375,1.682891845703125,0.9975726624645267,0.9987860408329932,63.05296719074249,0.0,0.0,0.0,0.0,0.0,0.0,-14.366024017333984,nan
dropout01_sweep12_30epochs,0.009897804819047451,1.80194091796875,47.05271911621094,0.9920723939672033,0.996033475859733,0.04143243283033371,0.02850036695599556,4.24363374710083,1.1167263984680176,0.9928060902718712,0.9964064604605243,0.14394224155694246,50.03142547607422,4340.02587890625,3.7129592895507812,0.9868177157219234,0.993398069454941,155.09280562400818,1024.0240478515625,4677.5107421875,290.26226806640625,0.07220606367943272,0.26903966326258555,709.4809412956238,-12.384366989135742,nan
dropout03_sweep12_30epochs,0.019274257123470306,1.6409201622009277,107.36791229248047,0.976488199816246,0.9882192897381913,0.07078351825475693,0.06196468695998192,3.5635201930999756,2.4868626594543457,0.974402101186474,0.9872364197940147,0.26976996101439,72.7649917602539,5108.1806640625,5.141419410705566,0.967463158246215,0.9836286851749644,245.46632170677185,1052.407958984375,4717.74072265625,329.850830078125,0.04242131864946985,0.2063683438365962,703.0285000801086,-11.155587196350098,nan
dropout05_sweep12_30epochs,0.02591155841946602,1.7674598693847656,153.82420349121094,0.9691933850045915,0.9845152541008257,0.07987591624259949,0.09082989394664764,3.289348602294922,3.50980806350708,0.9609858030207693,0.9804031006414394,0.32942505553364754,70.64331817626953,4203.6787109375,4.19320821762085,0.9906025347048253,0.9953042819094632,118.07442456483841,1056.3385009765625,4727.97998046875,339.6643981933594,0.03260030681990267,0.18114192293684128,708.7938785552979,-10.264704704284668,nan
dropout10_sweep12_30epochs,0.024225017055869102,1.7157821655273438,128.7935791015625,0.992897125686985,0.9964631420818394,0.03223321959376335,0.11000311374664307,3.343914031982422,3.1218597888946533,0.9704267231207933,0.9854435121347395,0.27642938308417797,96.65148162841797,4152.69873046875,5.644811153411865,0.982092933061095,0.9914911171335126,163.50506246089935,1077.2857666015625,4556.36572265625,375.4326477050781,0.013282837550160242,0.11560793273059984,700.0062465667725,-8.877490997314453,nan
dropout15_sweep12_30epochs,0.03003939427435398,1.8167591094970703,137.99168395996094,0.9898335034360488,0.9949733646849285,0.03774550184607506,0.08714237064123154,3.20892596244812,2.8091773986816406,0.9949829533024327,0.9974907521492947,0.08615330792963505,123.35798645019531,4815.9619140625,7.2998762130737305,0.9704181249272004,0.9862585238866998,210.66130697727203,1083.4329833984375,4130.06298828125,390.9696044921875,0.0034786246072729954,0.060715910894070454,702.2297978401184,-8.110196113586426,nan
dropout10_sweep12_50epochs,0.023408571258187294,1.6541510820388794,139.26646423339844,0.9928978911203913,0.9964697959097631,0.032828278839588165,0.11504631489515305,3.837376117706299,3.212193489074707,0.9643276948283979,0.9822285821800288,0.30583142302930355,96.14519500732422,3937.54052734375,5.7350897789001465,0.9823876513869678,0.9912125661504024,161.9807928800583,0.0,0.0,0.0,0.0,0.0,0.0,-9.034109115600586,nan
dropout_larger_sweep12_30epochs,0.022230464965105057,1.8438665866851807,144.31683349609375,0.9940731401334598,0.997048085752901,0.029367521405220032,0.10412944853305817,3.495232582092285,2.8810997009277344,0.9727855666789993,0.9865879433921199,0.2657270058989525,94.07006072998047,3586.317138671875,5.559121608734131,0.9838503558607135,0.9919791088290849,153.90175580978394,1077.537353515625,4350.56640625,373.13031005859375,0.011482431629242229,0.10740957833735983,701.768159866333,-8.980987548828125,nan
SGD_sweep12_50epochs,0.024317454546689987,1.82470703125,34.964324951171875,0.9330562558969174,0.9659807983876,0.12137524038553238,0.057537004351615906,4.57975435256958,1.540750503540039,0.9796723415272524,0.9899094149688971,0.23985606618225574,45.34166717529297,3331.361328125,3.64449405670166,0.9944276646400954,0.9972103220765398,95.76070308685303,0.0,0.0,0.0,0.0,0.0,0.0,-11.560404777526855,nan
2x256_sweep12_50epochs,0.0039574760012328625,1.9589399099349976,22.48035430908203,0.9986262526674102,0.9993129428102782,0.017285438254475594,0.008539925329387188,3.656604528427124,0.3076459765434265,0.9998233054401316,0.9999116566415428,0.02135235001333058,29.432958602905273,3038.109375,1.6359038352966309,0.9978097524415305,0.9989065472917916,59.54959988594055,0.0,0.0,0.0,0.0,0.0,0.0,-14.4140043258667,nan
3x128_sweep12_50epochs,0.00899052619934082,1.7638499736785889,30.01750946044922,0.9857038519670568,0.9928496191851037,0.05649362877011299,0.01622140035033226,4.605808258056641,0.5196894407272339,0.9987646932957632,0.9993847300810889,0.05860191537067294,35.87470626831055,2925.939453125,2.2311787605285645,0.9964829709322474,0.9982432869087156,76.14710927009583,0.0,0.0,0.0,0.0,0.0,0.0,-13.155829429626465,nan
6x128_sweep12_50epochs,0.004171216394752264,1.9481897354125977,27.841156005859375,0.9982879270144513,0.9991440345281877,0.019351769238710403,0.00894369650632143,3.6795804500579834,0.320654958486557,0.9997509033617747,0.9998754731461976,0.025798558490350842,30.89997100830078,3174.262451171875,1.7233848571777344,0.9975043408923795,0.9987540409988838,63.81946802139282,0.0,0.0,0.0,0.0,0.0,0.0,-14.230541229248047,nan
6x256_sweep12_50epochs,0.0037080137990415096,1.834155797958374,22.277446746826172,0.9989734412318254,0.9994866662613268,0.014873730018734932,0.008260915987193584,3.0774755477905273,0.29674220085144043,0.9998641762042717,0.9999323029209002,0.018392466008663177,28.784269332885742,3058.051513671875,1.5763659477233887,0.9979649929216445,0.9989857408332994,57.19417333602905,0.0,0.0,0.0,0.0,0.0,0.0,-14.548089027404785,nan
relu_sweep12_50epochs,0.005023816134780645,1.8639111518859863,31.83157730102539,0.9979822495383757,0.9989909552709783,0.0208954606205225,0.010756147094070911,3.569836378097534,0.3867199122905731,0.9996956144121929,0.9998480971752288,0.028201816021464765,35.11431884765625,3465.380126953125,2.132589101791382,0.9968194716388491,0.998432060644623,71.93364948034286,0.0,0.0,0.0,0.0,0.0,0.0,-13.653332710266113,nan
sigmoid_sweep12_50epochs,0.008816488087177277,1.7797497510910034,32.57484436035156,0.9854334231470677,0.9926999222004509,0.05706601217389107,0.016093172132968903,4.271282196044922,0.5171510577201843,0.9981380758186065,0.9990717111505416,0.07289593806490302,36.53582763671875,3235.611328125,2.370255470275879,0.996325904612685,0.9981713431258129,77.89053022861481,0.0,0.0,0.0,0.0,0.0,0.0,-13.000601768493652,nan
tanh_sweep12_50epochs,0.005879643373191357,1.8078984022140503,22.01438331604004,0.9920233642407659,0.9960048675597147,0.04232334718108177,0.011147640645503998,3.854510545730591,0.3944975435733795,0.9993297959137315,0.9996653168714074,0.04337828722782433,32.78524398803711,3909.976318359375,1.952398419380188,0.9969205627962808,0.9984816076593297,71.61659002304077,0.0,0.0,0.0,0.0,0.0,0.0,-13.702556610107422,nan
4x128_sweep12_50epochs,0.0056590610183775425,1.8595588207244873,26.543743133544922,0.9923468772493703,0.996167803082954,0.041469983756542206,0.010716474615037441,4.199571132659912,0.37331774830818176,0.9995843563321662,0.9997926496317806,0.03360347938723862,32.981536865234375,3150.0439453125,1.905383586883545,0.9970012771891967,0.9985026792754865,70.38053125143051,0.0,0.0,0.0,0.0,0.0,0.0,-13.838356971740723,nan
mse_sweep12_50epochs,0.007749936543405056,1.7457202672958374,62.167869567871094,0.9987938379729145,0.9994017666190499,0.01469783578068018,0.021297013387084007,2.998997926712036,0.7172423601150513,0.9996046701859794,0.9998027523590348,0.027012457139790058,38.39545822143555,2265.453369140625,2.8716888427734375,0.9973177238002792,0.9986596705922132,62.68554925918579,976.0645141601562,4766.40771484375,260.29278564453125,0.1315785165318064,0.36285895705644367,707.0856094360352,0.05831208825111389,nan
noPhysM_sweep12Ana_100epochs,0.004913092590868473,1.7861080169677734,21.378711700439453,0.9954746425330872,0.9977373963768573,0.03180733695626259,0.010306629352271557,3.428121566772461,0.3586171567440033,0.9996755932960255,0.9998395676587069,0.029406367102637887,33.49307632446289,3068.052734375,1.9217740297317505,0.9971886694699759,0.9986030056613395,67.39358603954315,997.9627685546875,6028.2421875,267.8057861328125,0.08240095154400218,0.2932632303338136,734.1697812080383,-13.906373023986816,nan
lr00000001_sweep12Ana_150epochs,0.0057788630947470665,1.8774113655090332,28.735368728637695,0.9903563800393791,0.9951724454641351,0.04662628099322319,0.010887418873608112,3.470027446746826,0.38582730293273926,0.9996220153608906,0.9998118748918241,0.031824298202991486,34.93946838378906,4919.32177734375,2.1123671531677246,0.996656255828957,0.9983304705431234,74.26649332046509,1026.3646240234375,4906.24072265625,163.71571350097656,-0.1858844302591829,0.18019176152903948,964.516282081604,-6.068575382232666,nan
lr0000001_sweep12Ana_100epochs,0.005722676403820515,1.8816286325454712,21.949033737182617,0.9903541621946148,0.9951720716909269,0.04663865268230438,0.010715490207076073,3.3574118614196777,0.3813996911048889,0.9996692252479777,0.9998354540357827,0.02958376659080386,34.763389587402344,3150.84033203125,2.1060945987701416,0.9967113570721492,0.9983581921666345,73.59876483678818,1025.0355224609375,4924.99169921875,164.66824340820312,-0.1795421441953009,0.1814039582989097,960.4214429855347,-6.370423793792725,nan
lr000001_sweep12Ana_100epochs,0.005875126458704472,1.9356937408447266,26.743167877197266,0.9873951601538731,0.9936951785924298,0.05339200049638748,0.010557647794485092,3.289792060852051,0.37928101420402527,0.9997396940150786,0.9998708830002837,0.025838756700977683,34.70600509643555,3437.357421875,2.058612823486328,0.9966790553533512,0.998340166306065,74.06645268201828,1012.4634399414062,7364.283203125,174.5617218017578,-0.12672579331735223,0.19980398871966593,927.1864891052246,-8.250917434692383,nan
lambda0_sweep12Ana_50epochs,0.006257790140807629,1.8167083263397217,41.246639251708984,0.9924070898610855,0.9961963172373623,0.04121701046824455,0.016508664935827255,3.3243517875671387,0.6342516541481018,0.9992818864896967,0.9996623593179877,0.04332209355197847,84.20960235595703,3169.65869140625,5.436574459075928,0.9932286007893557,0.9979736684221379,80.93412220478058,0.0,0.0,0.0,0.0,0.0,0.0,-3.1951422691345215,nan
lambda10000_sweep12Ana_50epochs,0.029132407158613205,3.5969648361206055,42.59703063964844,0.8160115037547941,0.9100252625633993,0.20314010977745056,0.029505008831620216,3.7883358001708984,0.8282070755958557,0.9875470214133655,0.9937547572665707,0.19079226069152355,88.6111831665039,3695.20654296875,6.688642501831055,0.9924978647909032,0.9977214773959002,85.21607518196106,0.0,0.0,0.0,0.0,0.0,0.0,-1.8911149501800537,nan
lambda250000_sweep12Ana_50epochs,0.011079835705459118,1.9499603509902954,38.88886642456055,0.9699420980657615,0.9852346881266211,0.08220359683036804,0.028680382296442986,3.767665386199951,0.7816892862319946,0.988161129662265,0.9940782734004896,0.18604197073727846,91.37757873535156,3003.23193359375,7.096127986907959,0.9920968588148192,0.9976664996932683,87.01563626527786,0.0,0.0,0.0,0.0,0.0,0.0,22.383541107177734,nan
lambda50000_sweep12Ana_50epochs,0.015508356504142284,1.9394822120666504,34.08837127685547,0.9343355714880468,0.9669332527066459,0.12161392718553543,0.03387041017413139,3.8298184871673584,0.861003041267395,0.9811625435149786,0.9905805988350807,0.2350191492587328,89.7176284790039,3542.76318359375,6.865330219268799,0.9922768010635475,0.9976829279901538,86.65922284126282,0.0,0.0,0.0,0.0,0.0,0.0,0.9735984802246094,nan
lambda5000_sweep12Ana_50epochs,0.010139299556612968,1.9430917501449585,24.83000373840332,0.9668007370751001,0.9833453696990552,0.08658198267221451,0.025521401315927505,3.805190086364746,0.7076306939125061,0.987512932855526,0.9937402174567281,0.19163223914802074,88.03697204589844,3131.766357421875,6.376810550689697,0.9927236080429961,0.9978680146194199,83.11698585748672,0.0,0.0,0.0,0.0,0.0,0.0,-2.879395008087158,nan
lambda500_sweep12Ana_50epochs,0.005101200193166733,1.8250277042388916,20.585918426513672,0.9960617553090271,0.9980291720853907,0.02958773449063301,0.015423442237079144,4.1356024742126465,0.5938681960105896,0.9992488350804501,0.999641259620642,0.044837279710918665,80.04320526123047,3025.787841796875,5.264537334442139,0.9934644628524661,0.9979125585742723,82.21623301506042,0.0,0.0,0.0,0.0,0.0,0.0,-5.293941020965576,nan
lambda50_sweep12Ana_50epochs,0.005669803358614445,1.8967909812927246,48.18135070800781,0.9943930163016266,0.9971945571099051,0.035373445600271225,0.015807338058948517,5.066606044769287,0.5939909219741821,0.9992829772895956,0.9996589762219427,0.043545415392145514,85.46680450439453,3233.80029296875,5.517812728881836,0.9929136397600905,0.9978940824686139,83.49569886922836,0.0,0.0,0.0,0.0,0.0,0.0,-2.3616206645965576,nan
2021_12_09_2x256_sweep12_ensemble_30runs_30epochs,0.0038668655324727297,1.7416176795959473,23.6248722076416,0.9983621626174831,0.9991808766030812,0.018972216174006462,0.008054349571466446,3.309095859527588,0.2926592528820038,0.9998424364580976,0.9999212196137909,0.020167321781627834,29.102046966552734,3325.812255859375,1.6097118854522705,0.9977373894334189,0.9988684648419236,60.92049181461334,976.437255859375,4594.4736328125,251.8065185546875,0.13788798076938258,0.37596500226179846,699.062168598175,-14.315316200256348,0.08119144290685654
2x256_ens_sweep12_01_30epochs,0.0041459836065769196,1.8486762046813965,19.197195053100586,0.998632758542387,0.9993189542392977,0.017197953537106514,0.008652439340949059,3.425123691558838,0.31134089827537537,0.9998278090983513,0.9999140036758416,0.020988303003832698,30.608409881591797,3227.68017578125,1.7221044301986694,0.9975731499109548,0.9987869494359284,62.86681443452835,972.1514282226562,4686.26904296875,241.42010498046875,0.11986422628520832,0.34942172644263464,726.0777950286865,-14.314946174621582,nan
2x256_ens_sweep12_02_30epochs,0.00402841018512845,1.8347983360290527,25.92874526977539,0.9983563751083971,0.9991781495314453,0.018973516300320625,0.008929896168410778,5.230518817901611,0.31389278173446655,0.9997881983512489,0.999894836198922,0.02354117576032877,30.564029693603516,3474.781982421875,1.7369352579116821,0.9975589836873903,0.9987787985212832,63.11489641666412,982.993408203125,4708.07666015625,255.94775390625,0.11730859078078515,0.34276415946060595,714.3293023109436,-14.316434860229492,nan
2x256_ens_sweep12_03_30epochs,0.004248493351042271,1.843322992324829,23.074235916137695,0.9983116767635857,0.9991565122381884,0.019193856045603752,0.008899450302124023,3.6396968364715576,0.31930679082870483,0.9997861718206076,0.9998931063063049,0.0236811168724671,31.218294143676758,3008.694580078125,1.8706732988357544,0.9975185335954384,0.998763522678012,63.43940645456314,1000.8103637695312,4746.72705078125,260.4149475097656,0.09374207419134106,0.30713409446611467,717.1766757965088,-14.10811710357666,nan
2x256_ens_sweep12_04_30epochs,0.0041915038600564,1.784274697303772,31.279945373535156,0.9975270299914019,0.9987631150031768,0.02341984584927559,0.008746346458792686,3.575395345687866,0.31387221813201904,0.9997794321874192,0.999889805644963,0.02415924158412963,30.489063262939453,2749.37451171875,1.6975210905075073,0.9976267965762818,0.9988139989553777,62.06006929278374,972.13134765625,4727.5986328125,238.1020965576172,0.1170267025147006,0.34492041289085085,729.3659448623657,-14.37131404876709,nan
2x256_ens_sweep12_05_30epochs,0.00412664795294404,1.804213285446167,29.32240104675293,0.9982100901673121,0.9991052385042399,0.019816093146800995,0.008983312174677849,3.6769323348999023,0.3209759593009949,0.9998280586185181,0.9999145162547276,0.02083091181702912,30.139427185058594,3335.2431640625,1.698636770248413,0.9976138213081062,0.9988079762475501,62.44029104709625,969.1025390625,4913.912109375,234.7303924560547,0.1178341063793884,0.34705336221979255,732.4640154838562,-14.288679122924805,nan
2x256_ens_sweep12_06_30epochs,0.004105901811271906,1.8346408605575562,30.986970901489258,0.9980252810812917,0.9990123548950142,0.02086026780307293,0.008648820221424103,3.4529950618743896,0.3115784227848053,0.9998072425997552,0.9999036351178594,0.02240820787847042,30.146482467651367,2963.527587890625,1.6867055892944336,0.9976089661286088,0.9988052187067106,62.51516193151474,992.1151733398438,4545.39892578125,260.9902038574219,0.1195222516111305,0.34895348924668573,698.9611983299255,-14.405485153198242,nan
2x256_ens_sweep12_07_30epochs,0.004392716102302074,1.8180131912231445,31.446393966674805,0.9972165968753469,0.9986074562379996,0.024855973199009895,0.009474260732531548,2.72152042388916,0.34746253490448,0.9997863722146927,0.9998934585982778,0.023444275720976293,31.907367706298828,3823.708984375,1.8037470579147339,0.9974867177000974,0.9987436927940277,63.6015459895134,1018.9735717773438,4540.65576171875,294.1579895019531,0.09410568782314443,0.3106900667315607,690.6867623329163,-14.011198997497559,nan
2x256_ens_sweep12_08_30epochs,0.0041088745929300785,1.761972427368164,28.901430130004883,0.9986833203592335,0.9993418066833619,0.016867199912667274,0.00895470567047596,4.259218215942383,0.31953608989715576,0.9997497045364305,0.9998748869604105,0.025864197523333132,31.254247665405273,2958.279052734375,1.7595393657684326,0.9973923061897749,0.9986959702612273,65.3957948088646,1002.8221435546875,4670.888671875,279.29693603515625,0.10244834744943798,0.3204434590386173,704.0935158729553,-14.192985534667969,nan
2x256_ens_sweep12_09_30epochs,0.004142021294683218,1.8383967876434326,20.172683715820312,0.9986485509094349,0.9993241743241325,0.017093496397137642,0.008788746781647205,4.056614875793457,0.3168307840824127,0.9997649038407955,0.9998824736282843,0.025028170784935355,30.578006744384766,3016.078369140625,1.7270203828811646,0.9976454286346975,0.998823848873433,61.71292066574097,986.5171508789062,4726.77685546875,255.18316650390625,0.1154238973186762,0.34035444855537383,711.6733193397522,-14.337291717529297,nan
2x256_ens_sweep12_10_30epochs,0.004149327985942364,1.8598031997680664,23.900938034057617,0.9980771037662414,0.9990385819110045,0.02056526578962803,0.008755653165280819,3.7437915802001953,0.31481093168258667,0.9998212342978228,0.9999109521846127,0.021410062909126282,30.537403106689453,3174.831787109375,1.7100374698638916,0.9976091666125233,0.9988042432852938,62.321897596120834,983.8466796875,4706.416015625,256.4547119140625,0.12476900529161306,0.3533989467410267,704.3496370315552,-14.340882301330566,nan
2x256_ens_sweep12_11_30epochs,0.004156440496444702,1.7464606761932373,25.798925399780273,0.9984318113478461,0.9992166267613755,0.01848456636071205,0.008722767233848572,2.9393439292907715,0.31378239393234253,0.9998417314655784,0.9999208648034288,0.019940331112593412,30.46756935119629,3227.792236328125,1.7236242294311523,0.9976066719769012,0.9988097860784216,62.39635497331619,976.2418823242188,4770.73681640625,246.8397216796875,0.12613499066708123,0.35523822335869765,713.2528424263,-14.288354873657227,nan
2x256_ens_sweep12_12_30epochs,0.004286488983780146,1.7955886125564575,24.687990188598633,0.997492940370756,0.9987474083164727,0.02356876991689205,0.008714932948350906,2.649566888809204,0.31228816509246826,0.9998360864066095,0.9999180548208422,0.020362937939353287,30.69300651550293,3945.709228515625,1.7871310710906982,0.9974916911592324,0.9987490072465435,64.11830335855484,978.9619140625,4751.57568359375,252.06541442871094,0.1160782034263943,0.34183265565643195,721.2725877761841,-14.269031524658203,nan
2x256_ens_sweep12_13_30epochs,0.00409358087927103,1.852348804473877,26.952421188354492,0.9980683735948563,0.9990338033362118,0.020624935626983643,0.008946665562689304,3.6783361434936523,0.32467958331108093,0.999776950243029,0.9998887022198423,0.02423949830699712,30.51811981201172,3412.790283203125,1.6977988481521606,0.9975615867041083,0.998784998140388,63.0955696105957,993.1270141601562,4893.89697265625,257.7718200683594,0.11547462739437875,0.34040026376047705,702.3596167564392,-14.285581588745117,nan
2x256_ens_sweep12_14_30epochs,0.004427027888596058,2.12656831741333,36.48416519165039,0.9975332231162263,0.9987659323211284,0.023346127942204475,0.00888941902667284,3.964484691619873,0.3180600702762604,0.999791767692209,0.9998961472349428,0.02332863165065646,30.696481704711914,3086.234619140625,1.6976091861724854,0.9975470829388995,0.9987766187914262,63.240423798561096,971.1815185546875,4872.5947265625,244.0619659423828,0.12620972141710318,0.3560867165169494,720.0410962104797,-14.318096160888672,nan
2x256_ens_sweep12_15_30epochs,0.00409031892195344,1.792311429977417,23.737611770629883,0.9983761293814458,0.9991877986374034,0.018840648233890533,0.008735851384699345,3.163400888442993,0.3132999539375305,0.9998074410895988,0.9999038172192309,0.022361143492162228,30.46904182434082,2927.40673828125,1.6991453170776367,0.9975622241806976,0.9987809134603968,63.109107315540314,983.9892578125,4766.72900390625,253.48463439941406,0.12206725061456136,0.3494274979544447,707.3523998260498,-14.366211891174316,nan
2x256_ens_sweep12_16_30epochs,0.0041452511213719845,1.85133695602417,27.885072708129883,0.9981967062944979,0.9990988088844073,0.01988937333226204,0.008647523820400238,3.6455655097961426,0.3105599284172058,0.9997947265860867,0.9998973880811378,0.023229531361721456,30.40703582763672,4259.87841796875,1.7093658447265625,0.9975732162904957,0.9987886177298009,62.963396310806274,986.8046264648438,4729.890625,256.547607421875,0.12109778674090932,0.3480977475427986,704.5711278915405,-14.352240562438965,nan
2x256_ens_sweep12_17_30epochs,0.004172843880951405,2.0314407348632812,33.58615493774414,0.9979317496799353,0.9989653563417896,0.02135428972542286,0.008777298033237457,3.321843385696411,0.31344205141067505,0.9998066971983179,0.9999034887000133,0.022394671104848385,30.727184295654297,3637.50146484375,1.6983393430709839,0.9975598063982014,0.9987809250595231,63.02247941493988,980.6216430664062,4706.78955078125,248.2832489013672,0.12083731777600548,0.34779918846000946,713.4569883346558,-14.320642471313477,nan
2x256_ens_sweep12_18_30epochs,0.004304605536162853,2.0510811805725098,22.279340744018555,0.9973212727073214,0.9986607916973804,0.02438494749367237,0.008725469931960106,3.6581509113311768,0.3138749301433563,0.9997852622896629,0.9998928078793443,0.02380302466917783,30.72945785522461,3259.42333984375,1.711036205291748,0.9975565111497742,0.9987775898154582,63.0740150809288,986.2784423828125,4728.08642578125,256.3352355957031,0.12441065003291085,0.3530139726003018,701.367974281311,-14.351850509643555,nan
2x256_ens_sweep12_19_30epochs,0.004073064774274826,1.8442165851593018,32.39796829223633,0.9979820627942515,0.9989908126749556,0.021102415397763252,0.008762337267398834,3.468334674835205,0.3143557608127594,0.9998307994045407,0.9999156295824136,0.0207278790185228,30.55790138244629,3113.9169921875,1.6740646362304688,0.9975888083022427,0.9987952881382102,62.64008581638336,977.0948486328125,4707.29052734375,246.98486328125,0.12980608889868328,0.3603583847302176,707.7587842941284,-14.37584400177002,nan
2x256_ens_sweep12_20_30epochs,0.0040683625265955925,1.7620036602020264,22.603567123413086,0.9984769973988094,0.9992382704943348,0.01822253130376339,0.00863779429346323,3.2317261695861816,0.3104047477245331,0.9998216574841035,0.9999109054495954,0.021428349427878857,30.608409881591797,2940.761474609375,1.7135963439941406,0.9975792070761507,0.9987995489200656,62.76968866586685,975.65869140625,4673.19580078125,242.79856872558594,0.11660622209394189,0.34379308390296853,725.125789642334,-14.325132369995117,nan
2x256_ens_sweep12_21_30epochs,0.004109348636120558,1.860095500946045,27.684099197387695,0.9978714809568371,0.9989352252380881,0.02168702334165573,0.008743703365325928,4.3891191482543945,0.31036049127578735,0.999793903659297,0.9998974090807332,0.023246537894010544,30.3547420501709,2935.09423828125,1.694217562675476,0.9975231546664814,0.9987643405239883,63.784174621105194,973.2061767578125,4815.32080078125,244.12326049804688,0.12408260647020142,0.352997725418024,719.7782397270203,-14.350674629211426,nan
2x256_ens_sweep12_22_30epochs,0.004246626049280167,1.7861566543579102,31.990751266479492,0.9976320416645569,0.998816511807229,0.022890763357281685,0.008653039112687111,3.6016669273376465,0.31162142753601074,0.999810373295004,0.9999052199313694,0.022196498466655612,30.691415786743164,2852.485107421875,1.7102631330490112,0.9975902896099804,0.9987949002522666,62.550924718379974,992.3187866210938,4599.421875,261.4963684082031,0.11771002420612398,0.34348970602243417,700.838029384613,-14.320352554321289,nan
2x256_ens_sweep12_23_30epochs,0.004050550051033497,1.7811541557312012,28.991788864135742,0.9984079475827053,0.999203701448167,0.018655043095350266,0.00881755817681551,2.206228733062744,0.3162699341773987,0.9998305348769996,0.9999154768754915,0.0207235588459298,30.922222137451172,3180.064208984375,1.7127735614776611,0.9975186166022807,0.9987614052297081,63.58293443918228,971.7510375976562,4612.7880859375,241.6363525390625,0.12828896771561393,0.35849589045358327,716.8505191802979,-14.37618637084961,nan
2x256_ens_sweep12_24_30epochs,0.004097949713468552,1.8159502744674683,30.145660400390625,0.998192444006441,0.9990960753722921,0.019923672080039978,0.008722866885364056,4.186893463134766,0.3113439977169037,0.9997957777691324,0.9998980038743207,0.023133443319238722,30.53641700744629,3019.04638671875,1.710943341255188,0.9975179532606835,0.9987672132629986,63.77959996461868,987.4190063476562,4770.3330078125,256.0157165527344,0.12044578490610092,0.34756424180264217,704.4842839241028,-14.361726760864258,nan
2x256_ens_sweep12_25_30epochs,0.004244228359311819,1.9685566425323486,27.277406692504883,0.9979511056860204,0.9989755019616505,0.021236155182123184,0.008667451329529285,3.438150405883789,0.31126314401626587,0.9998292355863637,0.9999146969186102,0.020880118827335536,30.422809600830078,2964.769775390625,1.7133607864379883,0.997593908240523,0.9988091190561266,62.623828649520874,975.8159790039062,4750.3955078125,247.7241973876953,0.1295801964275045,0.3601387615457213,709.7872495651245,-14.332128524780273,nan
2x256_ens_sweep12_26_30epochs,0.004006123635917902,1.7808094024658203,38.46596145629883,0.9987400008271674,0.9993698655582949,0.01650340110063553,0.008636599406599998,3.464332103729248,0.3109947443008423,0.9998379747022642,0.9999191260808535,0.020257263095118105,31.042654037475586,3068.38037109375,1.7207752466201782,0.9975587859459979,0.9987791702735062,62.88404017686844,992.6484985351562,4767.876953125,259.9311218261719,0.11541627604816018,0.3405549277028396,703.1049132347107,-14.334035873413086,nan
2x256_ens_sweep12_27_30epochs,0.0042339954525232315,1.784409523010254,31.23166275024414,0.9975316692656414,0.9987653739416413,0.023389510810375214,0.008713939227163792,2.980839490890503,0.31124022603034973,0.9998388531951724,0.9999195631894887,0.02015900448895991,30.23551368713379,2834.5537109375,1.693669319152832,0.9975812253481305,0.9987903072322319,62.91785091161728,972.2888793945312,4807.43505859375,240.08831787109375,0.12239504704048332,0.35127226711217596,722.9718565940857,-14.366887092590332,nan
2x256_ens_sweep12_28_30epochs,0.004079574253410101,1.9156602621078491,26.81342887878418,0.9981889903910875,0.9990943655040034,0.019947268068790436,0.009011316113173962,3.3455522060394287,0.3185518682003021,0.9998084822878825,0.9999051330075948,0.02218142501078546,30.35000991821289,3021.224609375,1.702812910079956,0.9976381941269776,0.9988205218410389,61.94312497973442,982.5366821289062,4757.33203125,246.5809326171875,0.11057540476739947,0.33417658846081594,722.7910757064819,-14.259581565856934,nan
2x256_ens_sweep12_29_30epochs,0.004093496594578028,1.7943720817565918,32.1489372253418,0.9981352356240473,0.9990672329792666,0.020250532776117325,0.008874543011188507,3.765082836151123,0.31936609745025635,0.9997971055974147,0.9998986601305194,0.02298940729815513,30.531740188598633,3893.549072265625,1.6970734596252441,0.997568712061998,0.9987837626639364,62.97510862350464,972.822021484375,4687.14404296875,242.47198486328125,0.11809119684383185,0.3487854774486369,727.2211313247681,-14.346424102783203,nan
2x256_ens_sweep12_30_30epochs,0.004059567116200924,1.7096474170684814,27.344947814941406,0.998259081254248,0.9991292448326055,0.019545145332813263,0.00900947954505682,3.6809442043304443,0.3202582895755768,0.9998071012167393,0.9999042452939071,0.022275150404311717,30.426483154296875,4604.421875,1.7077969312667847,0.9975645553396475,0.9987815984064718,63.0924329161644,984.9315795898438,4650.41162109375,259.1009521484375,0.12306006862424612,0.35133944437398756,704.862654209137,-14.30702018737793,nan
MCdropout_sweep12_30runs_30epochs,0.007258016150444746,1.8586527109146118,34.8652229309082,0.9978260252184638,0.9989522513950843,0.021093588322401047,0.02202712930738926,3.610853672027588,0.8863039016723633,0.9993991019026941,0.999757039402343,0.03623968223109841,41.08906936645508,2746.616943359375,3.053628921508789,0.996744701322527,0.9984718535380034,69.78383660316467,1018.1238403320312,4675.0517578125,289.2621765136719,0.08778947323364195,0.30569078872842953,699.5319128036499,-12.371713638305664,0.004064022097736597
MCdropout_sweep12_120runs_30epochs,0.0065011694096028805,1.802889347076416,24.763566970825195,0.9981824478389439,0.9991334893535748,0.01933309994637966,0.020249472931027412,3.1969926357269287,0.8166115880012512,0.9995801531337323,0.999848471382702,0.029095964273437858,38.132381439208984,2719.3193359375,2.748105764389038,0.9970312847876242,0.9986223878557887,67.28052347898483,1017.8963012695312,4648.40673828125,289.2864074707031,0.08874990547123418,0.3080795003374986,698.7141966819763,-12.37650203704834,0.004041636362671852
